<?xml version="1.0" encoding="UTF-8"?>
<?xml-stylesheet type="text/xsl" href="configuration.xsl"?>
<!--
  Licensed under the Apache License, Version 2.0 (the "License");
  you may not use this file except in compliance with the License.
  You may obtain a copy of the License at

    http://www.apache.org/licenses/LICENSE-2.0

  Unless required by applicable law or agreed to in writing, software
  distributed under the License is distributed on an "AS IS" BASIS,
  WITHOUT WARRANTIES OR CONDITIONS OF ANY KIND, either express or implied.
  See the License for the specific language governing permissions and
  limitations under the License. See accompanying LICENSE file.
-->

<!-- Put site-specific property overrides in this file. -->

<configuration>
    <property>  
        <name>dfs.namenode.http-address</name>  
        <value>rodbate1:50070</value>  
        <description> NameNode 通过当前参数 获得 fsimage 和 edits </description>  
    </property>
  
    <property>  
        <name>dfs.namenode.secondary.http-address</name>  
        <value>rodbate1:50090</value>  
        <description> SecondNameNode 通过当前参数 获得最新的 fsimage </description>  
    </property> 
  
    <property>
        <name>dfs.replication</name>
        <value>2</value>
        <description> 设定 HDFS 存储文件的副本个数，默认为2 </description>
    </property>
  
    <property>  
        <name>dfs.namenode.name.dir</name>  
        <value>file:///home/hadoop/hadoop2.7.2/hdfs/name</value>  
        <description> namenode 用来持续存放命名空间和交换日志的本地文件系统路径 </description>  
    </property>  
  
    <property>  
        <name>dfs.datanode.data.dir</name>
        <value>file:///home/hadoop/hadoop2.7.2/hdfs/data</value>  
        <description> DataNode 在本地存放块文件的目录列表，用逗号分隔 </description>  
    </property>  
  
    <property>  
        <name>dfs.namenode.checkpoint.dir</name>  
        <value>file:///home/hadoop/hadoop2.7.2/hdfs/namesecondary</value>  
        <description> 设置 secondary 存放 临时镜像 的本地文件系统路径，如果这是一个用逗号分隔的文件列表，则镜像将会冗余复制到所有目录，只对 secondary 有效 </description>  
    </property> 
  
    <property>
        <name>dfs.webhdfs.enabled</name>
        <value>true</value>
    </property>
  
    <property>
        <name>dfs.stream-buffer-size</name>
        <value>131072</value>
        <description> 默认是4KB，作为hadoop缓冲区，用于hadoop读hdfs的文件和写
hdfs的文件，还有map的输出都用到了这个缓冲区容量，对于现在的硬件很保守，可以设置为128k
(131072),甚至是1M(太大了map和reduce任务可能会内存溢出) </description>
    </property> 
  
    <property>  
        <name>dfs.namenode.checkpoint.period</name>  
        <value>3600</value>  
        <description> 两次 checkpoints 之间的间隔，单位为秒，只对 secondary 有效 </description>  
    </property> 
</configuration>
